{"count":1,"self":14073.4922752,"total":51822.7438693,"children":{"InitializeActuators":{"count":2,"self":0.0019979,"total":0.0019979,"children":null},"InitializeSensors":{"count":2,"self":0.0029969999999999997,"total":0.0029969999999999997,"children":null},"AgentSendState":{"count":60962837,"self":3507.7533696,"total":3722.8925636,"children":{"CollectObservations":{"count":4213092,"self":24.294024,"total":24.294024699999998,"children":null},"WriteActionMask":{"count":4213092,"self":7.2511952,"total":7.2511955,"children":null},"RequestDecision":{"count":4213092,"self":27.162806399999997,"total":171.600532,"children":{"AgentInfo.ToProto":{"count":4213092,"self":26.821844799999997,"total":144.4377261,"children":{"GenerateSensorData":{"count":4213092,"self":91.32953599999999,"total":117.61588189999999,"children":{"RayPerceptionSensor.Perceive":{"count":4213092,"self":26.286347199999998,"total":26.286347199999998,"children":null}}}}}}},"RayPerceptionSensor.Perceive":{"count":2082388,"self":11.993295199999999,"total":11.9932955,"children":null}}},"DecideAction":{"count":60962837,"self":32570.110771199998,"total":32570.110557199998,"children":null},"AgentAct":{"count":60962837,"self":1452.5085695999999,"total":1452.6153858999999,"children":{"AgentInfo.ToProto":{"count":2852,"self":0.022986799999999998,"total":0.097871599999999989,"children":{"GenerateSensorData":{"count":2852,"self":0.059896,"total":0.0748848,"children":{"RayPerceptionSensor.Perceive":{"count":2852,"self":0.0149888,"total":0.0149888,"children":null}}}}},"RayPerceptionSensor.Perceive":{"count":1412,"self":0.008988,"total":0.008988,"children":null}}},"AgentInfo.ToProto":{"count":97625,"self":0.70741729999999992,"total":3.3341966,"children":{"GenerateSensorData":{"count":97625,"self":2.009902,"total":2.6267793,"children":{"RayPerceptionSensor.Perceive":{"count":97625,"self":0.6168773,"total":0.6168773,"children":null}}}}},"RayPerceptionSensor.Perceive":{"count":48673,"self":0.29171579999999997,"total":0.29171579999999997,"children":null}},"gauges":{"SnakeB-Behavior.CumulativeReward":{"count":100477,"max":3.61750364,"min":-16.6931934,"runningAverage":-0.4666903,"value":-4.49212646,"weightedAverage":-0.379262924}},"metadata":{"timer_format_version":"0.1.0","start_time_seconds":"1690373341","unity_version":"2021.3.16f1","command_line_arguments":"E:\\unity\\2021.3.16f1\\Editor\\Unity.exe -projectpath E:\\multiSnake\\Multi-Snake-AI -useHub -hubIPC -cloudEnvironment production","communication_protocol_version":"1.5.0","com.unity.ml-agents_version":"2.3.0-exp.3","scene_name":"SampleScene","end_time_seconds":"1690425163"}}